id,filename,current_type,confidence,suggested_types,reason,correct_type,notes,filepath
236,bkg-blu - Copy.jpg,unknown,0.00,,VERY LOW confidence; Generic classification,,,C:/Users/kjfle/Documents/Organized_V2\Review_Required\Unclassified\bkg-blu - Copy.jpg
237,bkg-blu.jpg,unknown,0.00,,VERY LOW confidence; Generic classification,,,C:/Users/kjfle/Documents/Organized_V2\Review_Required\Unclassified\bkg-blu.jpg
477,file-1KP272Ak5sqmdkifebCJUW-9B16FC30-976A-4383-8CE0-EFE2D8D390E4.jpeg,unknown,0.00,,VERY LOW confidence; Generic classification; Cryptic filename - needs content review,,,C:/Users/kjfle/Documents/Organized_V2\Review_Required\Unclassified\file-1KP272Ak5sqmdkifebCJUW-9B16FC30-976A-4383-8CE0-EFE2D8D390E4.jpeg
483,file-2sR1NBF8NjnMYwcotVpQWm-EE0908EE-90DC-4C4E-AB06-ABDAB73237FF.jpeg,unknown,0.00,,VERY LOW confidence; Generic classification; Cryptic filename - needs content review,,,C:/Users/kjfle/Documents/Organized_V2\Review_Required\Unclassified\file-2sR1NBF8NjnMYwcotVpQWm-EE0908EE-90DC-4C4E-AB06-ABDAB73237FF.jpeg
489,file-49CuA616JAvNASMj4msifV-D2BABA2A-51FE-4BE7-9C35-096AA89A8019.jpeg,unknown,0.00,,VERY LOW confidence; Generic classification; Cryptic filename - needs content review,,,C:/Users/kjfle/Documents/Organized_V2\Review_Required\Unclassified\file-49CuA616JAvNASMj4msifV-D2BABA2A-51FE-4BE7-9C35-096AA89A8019.jpeg
491,file-4vosL9Ky959MvbeayEpgom-BB095037-F910-4E74-9177-7C5DAE3FDCB0.jpeg,unknown,0.00,,VERY LOW confidence; Generic classification; Cryptic filename - needs content review,,,C:/Users/kjfle/Documents/Organized_V2\Review_Required\Unclassified\file-4vosL9Ky959MvbeayEpgom-BB095037-F910-4E74-9177-7C5DAE3FDCB0.jpeg
493,file-5JQbpLS5Uq7a1fNmwp9jDM-2C042925-F048-49D0-A1F7-BD94DA34BDC3.jpeg,unknown,0.00,,VERY LOW confidence; Generic classification; Cryptic filename - needs content review,,,C:/Users/kjfle/Documents/Organized_V2\Review_Required\Unclassified\file-5JQbpLS5Uq7a1fNmwp9jDM-2C042925-F048-49D0-A1F7-BD94DA34BDC3.jpeg
500,file-7mUFa7MhzZ4wejwYtKCiNQ-5FC00237-07F2-4489-95BA-F2E42B765EE7.jpeg,unknown,0.00,,VERY LOW confidence; Generic classification; Cryptic filename - needs content review,,,C:/Users/kjfle/Documents/Organized_V2\Review_Required\Unclassified\file-7mUFa7MhzZ4wejwYtKCiNQ-5FC00237-07F2-4489-95BA-F2E42B765EE7.jpeg
505,file-94JmZB1Hoqeb9kup9Bx3WA-5D468432-991E-47B4-BE35-B6967E42D4BC.jpeg,unknown,0.00,,VERY LOW confidence; Generic classification; Cryptic filename - needs content review,,,C:/Users/kjfle/Documents/Organized_V2\Review_Required\Unclassified\file-94JmZB1Hoqeb9kup9Bx3WA-5D468432-991E-47B4-BE35-B6967E42D4BC.jpeg
513,file-B9yYYV6XqNWaob3j27ASBc-B12480D6-01BA-42B6-8989-EA17338D0A63.jpeg,unknown,0.00,,VERY LOW confidence; Generic classification; Cryptic filename - needs content review,,,C:/Users/kjfle/Documents/Organized_V2\Review_Required\Unclassified\file-B9yYYV6XqNWaob3j27ASBc-B12480D6-01BA-42B6-8989-EA17338D0A63.jpeg
518,file-Cqr7VV3HRkpUvKWELHKuKi-F0D541DD-8E80-4F69-89C6-A71CF117E3F7.jpeg,unknown,0.00,,VERY LOW confidence; Generic classification; Cryptic filename - needs content review,,,C:/Users/kjfle/Documents/Organized_V2\Review_Required\Unclassified\file-Cqr7VV3HRkpUvKWELHKuKi-F0D541DD-8E80-4F69-89C6-A71CF117E3F7.jpeg
519,file-CvTXax8fZNL8fPkSHyahFq-6B5EE747-DD35-4117-9FAE-FADB84A04299.jpeg,unknown,0.00,personal_career (if yours) OR hr_resume (if applicant),VERY LOW confidence; Generic classification; Cryptic filename - needs content review,,,C:/Users/kjfle/Documents/Organized_V2\Review_Required\Unclassified\file-CvTXax8fZNL8fPkSHyahFq-6B5EE747-DD35-4117-9FAE-FADB84A04299.jpeg
541,file-LLzRDP9mdAjp4VT9hDUoRs-20B70DB3-53E6-4285-B3ED-085B9FD6C06B.jpeg,unknown,0.00,,VERY LOW confidence; Generic classification; Cryptic filename - needs content review,,,C:/Users/kjfle/Documents/Organized_V2\Review_Required\Unclassified\file-LLzRDP9mdAjp4VT9hDUoRs-20B70DB3-53E6-4285-B3ED-085B9FD6C06B.jpeg
543,file-MQ65QYteeDfLscKNoojRbk-14DF7853-74E9-465B-AF3C-0568B1A62BB6.jpeg,unknown,0.00,,VERY LOW confidence; Generic classification; Cryptic filename - needs content review,,,C:/Users/kjfle/Documents/Organized_V2\Review_Required\Unclassified\file-MQ65QYteeDfLscKNoojRbk-14DF7853-74E9-465B-AF3C-0568B1A62BB6.jpeg
550,file-Nymb3ueTeRfYhqnZMjCBqP-3AEDAFEA-687D-40FD-A5AA-689C68E1B18B.jpeg,unknown,0.00,,VERY LOW confidence; Generic classification; Cryptic filename - needs content review,,,C:/Users/kjfle/Documents/Organized_V2\Review_Required\Unclassified\file-Nymb3ueTeRfYhqnZMjCBqP-3AEDAFEA-687D-40FD-A5AA-689C68E1B18B.jpeg
566,file-T6RnWCb2ZFzEF9dReMNRJM-4C9DD2D6-3398-41D9-A7BA-C3CE51304ED2.jpeg,unknown,0.00,,VERY LOW confidence; Generic classification; Cryptic filename - needs content review,,,C:/Users/kjfle/Documents/Organized_V2\Review_Required\Unclassified\file-T6RnWCb2ZFzEF9dReMNRJM-4C9DD2D6-3398-41D9-A7BA-C3CE51304ED2.jpeg
567,file-T93gxRNATwWzQVcS9gpazj-F0E9CFEB-7FCC-4F69-A6C4-EBE06B480693.jpeg,unknown,0.00,,VERY LOW confidence; Generic classification; Cryptic filename - needs content review,,,C:/Users/kjfle/Documents/Organized_V2\Review_Required\Unclassified\file-T93gxRNATwWzQVcS9gpazj-F0E9CFEB-7FCC-4F69-A6C4-EBE06B480693.jpeg
570,file-TiJsrtVJuo9YnT13nk8qY2-Approved Valve Group Installation Using PVC Pipe and Fiitings (1).png,unknown,0.00,,VERY LOW confidence; Generic classification,,,C:/Users/kjfle/Documents/Organized_V2\Review_Required\Unclassified\file-TiJsrtVJuo9YnT13nk8qY2-Approved Valve Group Installation Using PVC Pipe and Fiitings (1).png
572,file-UhVxJJZaQTdDMnVpnoNQbv-B057666B-C1C4-41CC-9392-3258E280E728.jpeg,unknown,0.00,,VERY LOW confidence; Generic classification; Cryptic filename - needs content review,,,C:/Users/kjfle/Documents/Organized_V2\Review_Required\Unclassified\file-UhVxJJZaQTdDMnVpnoNQbv-B057666B-C1C4-41CC-9392-3258E280E728.jpeg
573,file-Uiemeu2wftDEeXvrtcswkx-61CC6F20-1BD1-4F67-BF99-5A1636446674.jpeg,unknown,0.00,,VERY LOW confidence; Generic classification; Cryptic filename - needs content review,,,C:/Users/kjfle/Documents/Organized_V2\Review_Required\Unclassified\file-Uiemeu2wftDEeXvrtcswkx-61CC6F20-1BD1-4F67-BF99-5A1636446674.jpeg
574,file-UzRJ6U6Ldu4Ve1uZ3mooz5-4584442C-F88A-45A6-8672-173D1FA59E81.jpeg,unknown,0.00,,VERY LOW confidence; Generic classification; Cryptic filename - needs content review,,,C:/Users/kjfle/Documents/Organized_V2\Review_Required\Unclassified\file-UzRJ6U6Ldu4Ve1uZ3mooz5-4584442C-F88A-45A6-8672-173D1FA59E81.jpeg
580,file-WxkKRV2vvf3sYDGnQkGRX7-B50ADFFF-B5F7-4C03-AE99-B371FC2CD19E.jpeg,unknown,0.00,,VERY LOW confidence; Generic classification; Cryptic filename - needs content review,,,C:/Users/kjfle/Documents/Organized_V2\Review_Required\Unclassified\file-WxkKRV2vvf3sYDGnQkGRX7-B50ADFFF-B5F7-4C03-AE99-B371FC2CD19E.jpeg
582,file-XxvqXQpNYCC7K6L4Y7bhVq-416E3A70-F371-4F09-B0AF-2398D6F31EB3.jpeg,unknown,0.00,,VERY LOW confidence; Generic classification; Cryptic filename - needs content review,,,C:/Users/kjfle/Documents/Organized_V2\Review_Required\Unclassified\file-XxvqXQpNYCC7K6L4Y7bhVq-416E3A70-F371-4F09-B0AF-2398D6F31EB3.jpeg
1103,w-brand - Copy.png,unknown,0.00,,VERY LOW confidence; Generic classification,,,C:/Users/kjfle/Documents/Organized_V2\Review_Required\Unclassified\w-brand - Copy.png
1104,w-brand.png,unknown,0.00,,VERY LOW confidence; Generic classification,,,C:/Users/kjfle/Documents/Organized_V2\Review_Required\Unclassified\w-brand.png
498,file-72EtVMHv6EQ1sxyFf4JZYv-Approved Valve Group Installation Using PVC Pipe and Fiitings (2).png,unknown,0.01,,VERY LOW confidence; Generic classification,,,C:/Users/kjfle/Documents/Organized_V2\Review_Required\Unclassified\file-72EtVMHv6EQ1sxyFf4JZYv-Approved Valve Group Installation Using PVC Pipe and Fiitings (2).png
552,file-P6vtDK7rzXkvQF2uL5nKCU-2E81949B-E454-48A1-81E4-8B8F486DF092.jpeg,unknown,0.06,,VERY LOW confidence; Generic classification; Cryptic filename - needs content review,,,C:/Users/kjfle/Documents/Organized_V2\Review_Required\Unclassified\file-P6vtDK7rzXkvQF2uL5nKCU-2E81949B-E454-48A1-81E4-8B8F486DF092.jpeg
579,file-WTUURCxqYswaaJHDr6758W-D7CE4091-EA39-4BA5-A237-33EFBA10FA87.jpeg,unknown,0.06,,VERY LOW confidence; Generic classification; Cryptic filename - needs content review,,,C:/Users/kjfle/Documents/Organized_V2\Review_Required\Unclassified\file-WTUURCxqYswaaJHDr6758W-D7CE4091-EA39-4BA5-A237-33EFBA10FA87.jpeg
475,file-16cxHVKgQwJg1oukdwVKJe-467A05BF-A013-4032-8846-701CC8AA3B19.jpeg,unknown,0.09,,VERY LOW confidence; Generic classification; Cryptic filename - needs content review,,,C:/Users/kjfle/Documents/Organized_V2\Review_Required\Unclassified\file-16cxHVKgQwJg1oukdwVKJe-467A05BF-A013-4032-8846-701CC8AA3B19.jpeg
508,file-A3aQVyduUMb1DHrVv8oUsQ-9B27ED6A-4D28-4F9D-B27A-2AEF197040CE.jpeg,unknown,0.11,,VERY LOW confidence; Generic classification; Cryptic filename - needs content review,,,C:/Users/kjfle/Documents/Organized_V2\Review_Required\Unclassified\file-A3aQVyduUMb1DHrVv8oUsQ-9B27ED6A-4D28-4F9D-B27A-2AEF197040CE.jpeg
515,file-BgTHaR58NT1tpoyxjbtg28-A10F407A-F1F8-4A5B-87B7-0C65AB6462BA.jpeg,general_document,0.11,,VERY LOW confidence; Generic classification; Cryptic filename - needs content review,,,C:/Users/kjfle/Documents/Organized_V2\General\Documents\file-BgTHaR58NT1tpoyxjbtg28-A10F407A-F1F8-4A5B-87B7-0C65AB6462BA.jpeg
569,file-TGiUdLnmqR1TjAvhr1H55m-maxresdefault.jpg,unknown,0.12,,VERY LOW confidence; Generic classification,,,C:/Users/kjfle/Documents/Organized_V2\Review_Required\Unclassified\file-TGiUdLnmqR1TjAvhr1H55m-maxresdefault.jpg
509,file-AbuGwYFnrDP4HyK8yu7u6E-1BD56E58-FE5D-4D6D-95FB-DF86E6F96E00.jpeg,unknown,0.16,,VERY LOW confidence; Generic classification; Cryptic filename - needs content review,,,C:/Users/kjfle/Documents/Organized_V2\Review_Required\Unclassified\file-AbuGwYFnrDP4HyK8yu7u6E-1BD56E58-FE5D-4D6D-95FB-DF86E6F96E00.jpeg
478,file-1p7sq2D7QBrcfowyKFLhYo-66D9BF19-BFDD-4E89-960B-DF0067DFA78C.jpeg,general_document,0.20,,VERY LOW confidence; Generic classification; Cryptic filename - needs content review,,,C:/Users/kjfle/Documents/Organized_V2\General\Documents\file-1p7sq2D7QBrcfowyKFLhYo-66D9BF19-BFDD-4E89-960B-DF0067DFA78C.jpeg
502,file-8DsfER1PHYLHzJcfvKB9dh-4570C1D4-CDDD-4BE5-ADA8-DCF2DC7EFEB4.jpeg,unknown,0.22,,VERY LOW confidence; Generic classification; Cryptic filename - needs content review,,,C:/Users/kjfle/Documents/Organized_V2\Review_Required\Unclassified\file-8DsfER1PHYLHzJcfvKB9dh-4570C1D4-CDDD-4BE5-ADA8-DCF2DC7EFEB4.jpeg
526,file-FpjamFaSUpLtyNrMAj4H43-BA6C339D-891D-4071-93B1-5348CF7551B0.jpeg,unknown,0.22,,VERY LOW confidence; Generic classification; Cryptic filename - needs content review,,,C:/Users/kjfle/Documents/Organized_V2\Review_Required\Unclassified\file-FpjamFaSUpLtyNrMAj4H43-BA6C339D-891D-4071-93B1-5348CF7551B0.jpeg
554,file-PfUBfD3PXdpwkDASN5HPfi-CADA1138-C27E-4C54-835D-A028F9C10D6A.jpeg,unknown,0.28,,VERY LOW confidence; Generic classification; Cryptic filename - needs content review,,,C:/Users/kjfle/Documents/Organized_V2\Review_Required\Unclassified\file-PfUBfD3PXdpwkDASN5HPfi-CADA1138-C27E-4C54-835D-A028F9C10D6A.jpeg
324,"CONNECTION, TESTING AND WIRING Valves.jpeg",unknown,0.28,,VERY LOW confidence; Generic classification,,,"C:/Users/kjfle/Documents/Organized_V2\Review_Required\Unclassified\CONNECTION, TESTING AND WIRING Valves.jpeg"
487,file-3mMaRqkouP8f994bgS81Bf-2E1AA41C-686B-4FDC-A737-D24FD02C3420.jpeg,unknown,0.30,,VERY LOW confidence; Generic classification; Cryptic filename - needs content review,,,C:/Users/kjfle/Documents/Organized_V2\Review_Required\Unclassified\file-3mMaRqkouP8f994bgS81Bf-2E1AA41C-686B-4FDC-A737-D24FD02C3420.jpeg
559,file-RKADeyZecd5pzMyYwVbyNk-5990AFE1-7ED7-46C1-9889-0AF366C10A9D.jpeg,form,0.32,,VERY LOW confidence; Generic classification; Cryptic filename - needs content review,,,C:/Users/kjfle/Documents/Organized_V2\Forms\General\file-RKADeyZecd5pzMyYwVbyNk-5990AFE1-7ED7-46C1-9889-0AF366C10A9D.jpeg
575,file-VfNwAocPPkteCPFgSsBVvt-501A4205-0B88-43C6-9395-ED7AA51B9BA8.jpeg,general_document,0.36,,VERY LOW confidence; Generic classification; Cryptic filename - needs content review,,,C:/Users/kjfle/Documents/Organized_V2\General\Documents\file-VfNwAocPPkteCPFgSsBVvt-501A4205-0B88-43C6-9395-ED7AA51B9BA8.jpeg
540,file-Lev9xjwGvwT4oP4cD4vwcf-B0349314-21C2-4E0F-A3D9-88612C072F2D.jpeg,general_document,0.37,,VERY LOW confidence; Generic classification; Cryptic filename - needs content review,,,C:/Users/kjfle/Documents/Organized_V2\General\Documents\file-Lev9xjwGvwT4oP4cD4vwcf-B0349314-21C2-4E0F-A3D9-88612C072F2D.jpeg
560,file-RqBjWS4WMLRuGZSYAXutds-65E799CA-A2E0-4F41-B339-B91F0587F59E.jpeg,unknown,0.37,,VERY LOW confidence; Generic classification; Cryptic filename - needs content review,,,C:/Users/kjfle/Documents/Organized_V2\Review_Required\Unclassified\file-RqBjWS4WMLRuGZSYAXutds-65E799CA-A2E0-4F41-B339-B91F0587F59E.jpeg
1117,19897792e2e6460e22cd078119d285ea-uncropped_scaled_within_1536_1152.webp,general_document_short,0.38,,VERY LOW confidence; Generic classification,,,C:/Users/kjfle/Documents/Organized_V2\General\Documents\19897792e2e6460e22cd078119d285ea-uncropped_scaled_within_1536_1152.webp
548,file-NVGFNQTnn7bCEXv1zDaBvK-523884E1-6760-423A-B019-DF9899FE29D1.jpeg,general_document,0.42,,VERY LOW confidence; Generic classification; Cryptic filename - needs content review,,,C:/Users/kjfle/Documents/Organized_V2\General\Documents\file-NVGFNQTnn7bCEXv1zDaBvK-523884E1-6760-423A-B019-DF9899FE29D1.jpeg
523,file-F6SCvf1bNukA1En86pYAbo-B53D4E79-CBAF-4A8C-899A-6F21FD556666.jpeg,unknown,0.42,personal_career (if yours) OR hr_resume (if applicant),VERY LOW confidence; Generic classification; Cryptic filename - needs content review,,,C:/Users/kjfle/Documents/Organized_V2\Review_Required\Unclassified\file-F6SCvf1bNukA1En86pYAbo-B53D4E79-CBAF-4A8C-899A-6F21FD556666.jpeg
535,file-L1A7AGsHnNAS3ga7cvEJ3X-850A63F1-06CE-44F9-B5A0-FEC862C3B873.jpeg,general_document,0.48,personal_career (if yours) OR hr_resume (if applicant),VERY LOW confidence; Generic classification; Cryptic filename - needs content review,,,C:/Users/kjfle/Documents/Organized_V2\General\Documents\file-L1A7AGsHnNAS3ga7cvEJ3X-850A63F1-06CE-44F9-B5A0-FEC862C3B873.jpeg
555,file-PpJShp8RpodU5EPsNA8kJn-3B465AEB-E87B-41E8-8696-3A7136A61128.jpeg,unknown,0.70,,Low confidence; Generic classification; Cryptic filename - needs content review,,,C:/Users/kjfle/Documents/Organized_V2\Review_Required\Unclassified\file-PpJShp8RpodU5EPsNA8kJn-3B465AEB-E87B-41E8-8696-3A7136A61128.jpeg
514,file-Be3j7agYVaHcfFDM2bGVm4-C1A27DEF-5474-4FCD-A1E5-3E06B30F1700.jpeg,unknown,0.73,,Low confidence; Generic classification; Cryptic filename - needs content review,,,C:/Users/kjfle/Documents/Organized_V2\Review_Required\Unclassified\file-Be3j7agYVaHcfFDM2bGVm4-C1A27DEF-5474-4FCD-A1E5-3E06B30F1700.jpeg
536,file-LadyFLWxvFkQPsp1P3YaS8-4a93d221-685b-42e4-a3e4-ee1dc5173bde.png,unknown,0.90,,Generic classification,,,C:/Users/kjfle/Documents/Organized_V2\Review_Required\Unclassified\file-LadyFLWxvFkQPsp1P3YaS8-4a93d221-685b-42e4-a3e4-ee1dc5173bde.png
533,"file-K8SRJsFAUCmA3ARVzzyk4U-CONNECTION, TESTING AND WIRING Valves.jpeg",unknown,0.92,,Generic classification,,,"C:/Users/kjfle/Documents/Organized_V2\Review_Required\Unclassified\file-K8SRJsFAUCmA3ARVzzyk4U-CONNECTION, TESTING AND WIRING Valves.jpeg"
167,3' E92 328i Third stoplamp.png,unknown,1.00,,Generic classification,,,C:/Users/kjfle/Documents/Organized_V2\Review_Required\Unclassified\3' E92 328i Third stoplamp.png
142,3' E92 328i GA6L45R gearshift.png,unknown,1.00,,Generic classification,,,C:/Users/kjfle/Documents/Organized_V2\Review_Required\Unclassified\3' E92 328i GA6L45R gearshift.png
140,3' E92 328i GA6L45R Drive.png,unknown,1.00,,Generic classification,,,C:/Users/kjfle/Documents/Organized_V2\Review_Required\Unclassified\3' E92 328i GA6L45R Drive.png
145,3' E92 328i GA6L45R oil pan.png,unknown,1.00,,Generic classification,,,C:/Users/kjfle/Documents/Organized_V2\Review_Required\Unclassified\3' E92 328i GA6L45R oil pan.png
149,3' E92 328i Gearbox mounting parts.png,unknown,1.00,,Generic classification,,,C:/Users/kjfle/Documents/Organized_V2\Review_Required\Unclassified\3' E92 328i Gearbox mounting parts.png
116,3' E92 328i Automatic transmission GA6L45R.png,unknown,1.00,,Generic classification,,,C:/Users/kjfle/Documents/Organized_V2\Review_Required\Unclassified\3' E92 328i Automatic transmission GA6L45R.png
85,Doc1.docx,unknown,1.00,,Generic classification,,,C:/Users/kjfle/Documents/Organized_V2\Review_Required\Unclassified\Doc1.docx
1089,Userskjfle.claudesession-metadata.json,unknown,1.00,,Generic classification,,,C:/Users/kjfle/Documents/Organized_V2\Review_Required\Unclassified\Userskjfle.claudesession-metadata.json
1099,w-2 wage and salary statement 2018 -1.docx,unknown,1.00,financial_invoice OR financial_statement OR financial_receipt | tax_document OR tax_form OR tax_return,Generic classification,,,C:/Users/kjfle/Documents/Organized_V2\Review_Required\Unclassified\w-2 wage and salary statement 2018 -1.docx
528,file-Gw6e2hpL6ZrxXYQ1zfDjZW-C89026CC-C438-4EB4-A47F-B9B8A297DB77.jpeg,general_document,0.55,,Low confidence; Generic classification; Cryptic filename - needs content review,,,C:/Users/kjfle/Documents/Organized_V2\General\Documents\file-Gw6e2hpL6ZrxXYQ1zfDjZW-C89026CC-C438-4EB4-A47F-B9B8A297DB77.jpeg
497,file-6AAYd6WivaS9qbHmqmsrjH-3EE49DAE-C170-4154-97EC-E43892056620.jpeg,general_document,0.58,,Low confidence; Generic classification; Cryptic filename - needs content review,,,C:/Users/kjfle/Documents/Organized_V2\General\Documents\file-6AAYd6WivaS9qbHmqmsrjH-3EE49DAE-C170-4154-97EC-E43892056620.jpeg
485,file-36YetZ6DZ7SCtGDXtu2gg8-9762fcc0-5214-4f9a-8c20-dd23261414c8.png,tax_document,0.59,,Low confidence,,,C:/Users/kjfle/Documents/Organized_V2\Tax\Documents\file-36YetZ6DZ7SCtGDXtu2gg8-9762fcc0-5214-4f9a-8c20-dd23261414c8.png
1121,69f1a5f9ad069b60173df7901d91bee6-uncropped_scaled_within_1536_1152.webp,general_document_short,0.62,,Low confidence; Generic classification,,,C:/Users/kjfle/Documents/Organized_V2\General\Documents\69f1a5f9ad069b60173df7901d91bee6-uncropped_scaled_within_1536_1152.webp
1124,a48044ec655e821dd54effa7da3b6569-uncropped_scaled_within_1536_1152.webp,general_document_short,0.65,,Low confidence; Generic classification,,,C:/Users/kjfle/Documents/Organized_V2\General\Documents\a48044ec655e821dd54effa7da3b6569-uncropped_scaled_within_1536_1152.webp
1125,a7ffe196ab72ae69e162ea81bb33cad8-uncropped_scaled_within_1536_1152.webp,general_document_short,0.66,,Low confidence; Generic classification,,,C:/Users/kjfle/Documents/Organized_V2\General\Documents\a7ffe196ab72ae69e162ea81bb33cad8-uncropped_scaled_within_1536_1152.webp
503,file-8jyiD5udqdu1XLGDv4KZaj-c43fa5f8-d3ab-4662-ba84-fcb3f1d605c2.png,general_document,0.67,,Low confidence; Generic classification,,,C:/Users/kjfle/Documents/Organized_V2\General\Documents\file-8jyiD5udqdu1XLGDv4KZaj-c43fa5f8-d3ab-4662-ba84-fcb3f1d605c2.png
534,file-KeSM8Ug6Eh3m57Xddx6RuJ-WhatsApp-Image-2017-05-17-at-5.57.55-PM.jpeg,tax_document,0.68,,Low confidence,,,C:/Users/kjfle/Documents/Organized_V2\Tax\Documents\file-KeSM8Ug6Eh3m57Xddx6RuJ-WhatsApp-Image-2017-05-17-at-5.57.55-PM.jpeg
476,file-1fjt6NZfXGymYwaw2tAo4S-24E473E4-0F4C-4520-9BA2-A6BA14F2FFE8.jpeg,general_document,0.73,tax_document OR tax_form OR tax_return,Low confidence; Generic classification; Cryptic filename - needs content review,,,C:/Users/kjfle/Documents/Organized_V2\General\Documents\file-1fjt6NZfXGymYwaw2tAo4S-24E473E4-0F4C-4520-9BA2-A6BA14F2FFE8.jpeg
619,iis - Copy.png,form,0.75,,Generic classification,,,C:/Users/kjfle/Documents/Organized_V2\Forms\General\iis - Copy.png
620,iis.png,form,0.75,,Generic classification,,,C:/Users/kjfle/Documents/Organized_V2\Forms\General\iis.png
506,file-9qvyWXce5iTJE9RhNaSsfU-80FC9969-2DA0-43F1-A891-9A256744205B.jpeg,general_document,0.77,,Generic classification; Cryptic filename - needs content review,,,C:/Users/kjfle/Documents/Organized_V2\General\Documents\file-9qvyWXce5iTJE9RhNaSsfU-80FC9969-2DA0-43F1-A891-9A256744205B.jpeg
564,file-ShzPiF9JbQuVsuuwHofBGN-8759e8e6-a02d-4179-a20b-01add19fea83.png,general_document,0.79,,Generic classification,,,C:/Users/kjfle/Documents/Organized_V2\General\Documents\file-ShzPiF9JbQuVsuuwHofBGN-8759e8e6-a02d-4179-a20b-01add19fea83.png
484,file-36CZLp6QVCHpbSizez71mP-e4586d05-11ca-46e3-9ba6-b9aa4ef1cf7e.png,form,0.80,,Generic classification,,,C:/Users/kjfle/Documents/Organized_V2\Forms\General\file-36CZLp6QVCHpbSizez71mP-e4586d05-11ca-46e3-9ba6-b9aa4ef1cf7e.png
510,file-AgbYeiSsKMVqHQZkwbqiPv-ced8c3bf-f938-4ae7-9e64-5e8b6eed77ae.png,form,0.81,,Generic classification,,,C:/Users/kjfle/Documents/Organized_V2\Forms\General\file-AgbYeiSsKMVqHQZkwbqiPv-ced8c3bf-f938-4ae7-9e64-5e8b6eed77ae.png
516,file-BHARVvuL18MnBC5j6hgRY6-58bf24a9-42a3-4a80-9a35-b831e0f5074a.png,general_document,0.83,,Generic classification,,,C:/Users/kjfle/Documents/Organized_V2\General\Documents\file-BHARVvuL18MnBC5j6hgRY6-58bf24a9-42a3-4a80-9a35-b831e0f5074a.png
681,msweb-brand - Copy.png,general_document,0.83,,Generic classification,,,C:/Users/kjfle/Documents/Organized_V2\General\Documents\msweb-brand - Copy.png
682,msweb-brand.png,general_document,0.83,,Generic classification,,,C:/Users/kjfle/Documents/Organized_V2\General\Documents\msweb-brand.png
583,file-YZgfrLR1JHF7fH4sYfTSqG-Installation.png,general_document,0.84,,Generic classification,,,C:/Users/kjfle/Documents/Organized_V2\General\Documents\file-YZgfrLR1JHF7fH4sYfTSqG-Installation.png
626,Installation.png,general_document,0.84,,Generic classification,,,C:/Users/kjfle/Documents/Organized_V2\General\Documents\Installation.png
488,file-3tScam9cTjxEJfqoEdnaEX-cc5ec31a-23ff-415a-84c6-f8000442cb1d.png,general_document,0.84,,Generic classification,,,C:/Users/kjfle/Documents/Organized_V2\General\Documents\file-3tScam9cTjxEJfqoEdnaEX-cc5ec31a-23ff-415a-84c6-f8000442cb1d.png
511,file-ANr47bqvYqTzAY2Ly23B2v-74e0b100-b4ab-4f2e-a846-18b048219454.png,general_document,0.84,,Generic classification,,,C:/Users/kjfle/Documents/Organized_V2\General\Documents\file-ANr47bqvYqTzAY2Ly23B2v-74e0b100-b4ab-4f2e-a846-18b048219454.png
520,file-E1jnfSdV4VKCcGvsxJC6w4-3b1336f9-a5fb-4e0e-bfa3-91d6d120788a.png,general_document,0.84,,Generic classification,,,C:/Users/kjfle/Documents/Organized_V2\General\Documents\file-E1jnfSdV4VKCcGvsxJC6w4-3b1336f9-a5fb-4e0e-bfa3-91d6d120788a.png
563,file-SbDoNkiwkQ38prN9s7MBAL-4226a7b3-bbb7-4623-be11-8d681fe41032.png,general_document,0.84,,Generic classification,,,C:/Users/kjfle/Documents/Organized_V2\General\Documents\file-SbDoNkiwkQ38prN9s7MBAL-4226a7b3-bbb7-4623-be11-8d681fe41032.png
499,file-7GsB4y5dvJFUiudmyiZp9x-9262692c-c24c-47f1-a963-39391eca6cdd.png,general_document,0.85,,Generic classification,,,C:/Users/kjfle/Documents/Organized_V2\General\Documents\file-7GsB4y5dvJFUiudmyiZp9x-9262692c-c24c-47f1-a963-39391eca6cdd.png
529,file-Gy7SuPkQ6Z9XQAUjkdUZzz-ebf1df90-d43e-4000-ae22-d9cfbd44a6e2.png,general_document,0.85,,Generic classification,,,C:/Users/kjfle/Documents/Organized_V2\General\Documents\file-Gy7SuPkQ6Z9XQAUjkdUZzz-ebf1df90-d43e-4000-ae22-d9cfbd44a6e2.png
558,file-R2gaRWscJKvM2z2JRUEnvG-732fc40a-72fa-4606-b0c5-e1e04e0f50ff.png,general_document,0.86,,Generic classification,,,C:/Users/kjfle/Documents/Organized_V2\General\Documents\file-R2gaRWscJKvM2z2JRUEnvG-732fc40a-72fa-4606-b0c5-e1e04e0f50ff.png
512,file-B3n2d7HVzgd8oRxzvMb7RJ-36B8E658-2124-43B8-BAA2-D0A8ED151113.jpeg,general_document,0.86,,Generic classification; Cryptic filename - needs content review,,,C:/Users/kjfle/Documents/Organized_V2\General\Documents\file-B3n2d7HVzgd8oRxzvMb7RJ-36B8E658-2124-43B8-BAA2-D0A8ED151113.jpeg
544,file-MVKcem3qoC5oagFdG4WZFj-7c9e95f2-bfa3-4b07-b95f-91c27829ddc6.png,form,0.87,,Generic classification,,,C:/Users/kjfle/Documents/Organized_V2\Forms\General\file-MVKcem3qoC5oagFdG4WZFj-7c9e95f2-bfa3-4b07-b95f-91c27829ddc6.png
531,file-JJMe8fLwoNKjz1RwAEE3mS-71c7f5ca-ede8-4888-86e2-f29d42cda467.png,general_document,0.87,,Generic classification,,,C:/Users/kjfle/Documents/Organized_V2\General\Documents\file-JJMe8fLwoNKjz1RwAEE3mS-71c7f5ca-ede8-4888-86e2-f29d42cda467.png
549,file-NvunZSm8VQEwaeMBJFXGEG-4ce24244-150a-432f-a067-17f8b58e6df0.png,general_document,0.87,,Generic classification,,,C:/Users/kjfle/Documents/Organized_V2\General\Documents\file-NvunZSm8VQEwaeMBJFXGEG-4ce24244-150a-432f-a067-17f8b58e6df0.png
524,file-FFbFivuA5w7e7fm79z1R8S-7ecb803f-a06b-4f21-83f1-95f35ea113d7.png,general_document,0.88,,Generic classification,,,C:/Users/kjfle/Documents/Organized_V2\General\Documents\file-FFbFivuA5w7e7fm79z1R8S-7ecb803f-a06b-4f21-83f1-95f35ea113d7.png
517,file-BWqJTadRUPo88RtzixR3T3-02616ce2-4289-448c-b173-8d2a4b2c57d6.png,general_document,0.88,,Generic classification,,,C:/Users/kjfle/Documents/Organized_V2\General\Documents\file-BWqJTadRUPo88RtzixR3T3-02616ce2-4289-448c-b173-8d2a4b2c57d6.png
578,file-WriLhr14Ve8gGf1Mpij8xW-2A09E2D4-3C61-4B2F-BC65-F0BEBE2114FA.jpeg,general_document,0.89,tax_document OR tax_form OR tax_return,Generic classification; Cryptic filename - needs content review,,,C:/Users/kjfle/Documents/Organized_V2\General\Documents\file-WriLhr14Ve8gGf1Mpij8xW-2A09E2D4-3C61-4B2F-BC65-F0BEBE2114FA.jpeg
496,file-5wq256tKWuCA2WmZEMn1z6-a63a2f7a-feb4-4675-9509-0bc8eb3e343b.png,general_document,0.89,,Generic classification,,,C:/Users/kjfle/Documents/Organized_V2\General\Documents\file-5wq256tKWuCA2WmZEMn1z6-a63a2f7a-feb4-4675-9509-0bc8eb3e343b.png
577,file-WGiL9zm2DpUPxWDsvktD3j-76d0e140-c229-4e28-aa50-056aa90bffd5.png,form,0.89,,Generic classification,,,C:/Users/kjfle/Documents/Organized_V2\Forms\General\file-WGiL9zm2DpUPxWDsvktD3j-76d0e140-c229-4e28-aa50-056aa90bffd5.png
494,file-5oTk3t4Xute5c7sFsTqUXL-a0a39020-a7e8-4683-90b9-90c1bd14b501.png,form,0.89,,Generic classification,,,C:/Users/kjfle/Documents/Organized_V2\Forms\General\file-5oTk3t4Xute5c7sFsTqUXL-a0a39020-a7e8-4683-90b9-90c1bd14b501.png
495,file-5QH2vTsvJDRgLdBR7g26dZ-0AD77DB8-41CC-49AD-9490-690E585CB0EE.jpeg,general_document,0.90,,Generic classification; Cryptic filename - needs content review,,,C:/Users/kjfle/Documents/Organized_V2\General\Documents\file-5QH2vTsvJDRgLdBR7g26dZ-0AD77DB8-41CC-49AD-9490-690E585CB0EE.jpeg
1122,7e83ada4f09aeab300d7ec10e0b6da6c-uncropped_scaled_within_1536_1152.webp,general_document_short,0.92,,Generic classification,,,C:/Users/kjfle/Documents/Organized_V2\General\Documents\7e83ada4f09aeab300d7ec10e0b6da6c-uncropped_scaled_within_1536_1152.webp
571,file-Tx2HcPXWTwDsRiPGxrfAkK-192b0b5f-dd06-4e14-b363-092943b1b965.png,form,0.92,,Generic classification,,,C:/Users/kjfle/Documents/Organized_V2\Forms\General\file-Tx2HcPXWTwDsRiPGxrfAkK-192b0b5f-dd06-4e14-b363-092943b1b965.png
547,file-NnjBabMiG734rG9g63SmAR-90fce155-b6f9-43ca-ba55-c4181e05a433.png,form,0.93,,Generic classification,,,C:/Users/kjfle/Documents/Organized_V2\Forms\General\file-NnjBabMiG734rG9g63SmAR-90fce155-b6f9-43ca-ba55-c4181e05a433.png
539,file-LeH1tmZZ8sV19EWG959hVz-dd7c3fd2-9078-498b-bc03-c9e4d4a2b86c.png,general_document,0.94,,Generic classification,,,C:/Users/kjfle/Documents/Organized_V2\General\Documents\file-LeH1tmZZ8sV19EWG959hVz-dd7c3fd2-9078-498b-bc03-c9e4d4a2b86c.png
581,file-XwomQJo9pERUswbizUR6Mv-a4c683fd-f92f-41ec-9181-6e9643816c96.png,general_document,0.94,,Generic classification,,,C:/Users/kjfle/Documents/Organized_V2\General\Documents\file-XwomQJo9pERUswbizUR6Mv-a4c683fd-f92f-41ec-9181-6e9643816c96.png
568,file-Tb2ksPcUgecDwyTpPk6JDh-f4ebca73-3dcc-429b-8023-826488b6b37e.png,general_document,0.95,,Generic classification,,,C:/Users/kjfle/Documents/Organized_V2\General\Documents\file-Tb2ksPcUgecDwyTpPk6JDh-f4ebca73-3dcc-429b-8023-826488b6b37e.png
576,file-WCPbmRnSthtFeZ4d2qjnJ8-15e0e0f3-e125-4894-aaa2-9b09aa18fbd1.png,general_document,0.95,,Generic classification,,,C:/Users/kjfle/Documents/Organized_V2\General\Documents\file-WCPbmRnSthtFeZ4d2qjnJ8-15e0e0f3-e125-4894-aaa2-9b09aa18fbd1.png
542,file-MGz8aUhxMqGFdQgTPwxMA7-d48c7cba-175e-428d-9e40-8c455b8b01ef.png,general_document,0.95,,Generic classification,,,C:/Users/kjfle/Documents/Organized_V2\General\Documents\file-MGz8aUhxMqGFdQgTPwxMA7-d48c7cba-175e-428d-9e40-8c455b8b01ef.png
532,file-K3azxGEcVy71oZDyHcGGbL-2ab9b7bf-53a0-4996-b446-ce7eb0ee49d7.png,general_document,0.97,personal_career (if yours) OR hr_resume (if applicant),Generic classification,,,C:/Users/kjfle/Documents/Organized_V2\General\Documents\file-K3azxGEcVy71oZDyHcGGbL-2ab9b7bf-53a0-4996-b446-ce7eb0ee49d7.png
565,file-Skx2TB1fsUoKN7ojPWE9xz-435dd610-97b2-4d07-a0b9-2e94cfe5c10b.png,general_document,0.97,,Generic classification,,,C:/Users/kjfle/Documents/Organized_V2\General\Documents\file-Skx2TB1fsUoKN7ojPWE9xz-435dd610-97b2-4d07-a0b9-2e94cfe5c10b.png
479,file-1r9wiGyvEX1qH3jJemGKyy-fd01d07f-a7db-4eb8-b303-47c820e525ad.png,general_document,0.98,,Generic classification,,,C:/Users/kjfle/Documents/Organized_V2\General\Documents\file-1r9wiGyvEX1qH3jJemGKyy-fd01d07f-a7db-4eb8-b303-47c820e525ad.png
521,file-ExpMiYXuSzhQsCJVsrsQZU-a500462d-27c0-463b-be39-4c90c77894e4.png,general_document,0.98,,Generic classification,,,C:/Users/kjfle/Documents/Organized_V2\General\Documents\file-ExpMiYXuSzhQsCJVsrsQZU-a500462d-27c0-463b-be39-4c90c77894e4.png
292,"Category, Food & Dining.png",general_document,0.99,,Generic classification,,,"C:/Users/kjfle/Documents/Organized_V2\General\Documents\Category, Food & Dining.png"
161,3' E92 328i Registration plate light.png,general_document,0.99,,Generic classification,,,C:/Users/kjfle/Documents/Organized_V2\General\Documents\3' E92 328i Registration plate light.png
1123,7f1ae421cbce3175c943e991520497e4-uncropped_scaled_within_1536_1152.webp,general_document_short,1.00,,Generic classification,,,C:/Users/kjfle/Documents/Organized_V2\General\Documents\7f1ae421cbce3175c943e991520497e4-uncropped_scaled_within_1536_1152.webp
1118,1ebab73dc4403364459e6424af6a8be7-uncropped_scaled_within_1536_1152.webp,general_document_short,1.00,,Generic classification,,,C:/Users/kjfle/Documents/Organized_V2\General\Documents\1ebab73dc4403364459e6424af6a8be7-uncropped_scaled_within_1536_1152.webp
94,0__Down_vs_Conventional_Mortgage_Comparison.csv,general_document,1.00,,Generic classification,,,C:/Users/kjfle/Documents/Organized_V2\General\Documents\0__Down_vs_Conventional_Mortgage_Comparison.csv
99,2015-merc-cla250.xlsx,general_document,1.00,,Generic classification,,,C:/Users/kjfle/Documents/Organized_V2\General\Documents\2015-merc-cla250.xlsx
103,20201214.txt,general_document,1.00,,Generic classification,,,C:/Users/kjfle/Documents/Organized_V2\General\Documents\20201214.txt
1,2024-12-29_review_quest_billing.pdf,general_document,1.00,financial_invoice OR financial_statement OR financial_receipt,Generic classification,,,C:/Users/kjfle/Documents/Organized_V2\General\Documents\2024-12-29_review_quest_billing.pdf
2,2025-05-06_review_text_document.txt,general_document,1.00,,Generic classification,,,C:/Users/kjfle/Documents/Organized_V2\General\Documents\2025-05-06_review_text_document.txt
1119,2025-06-05_review_mexico_early_childhood_[education_care_department].pdf,general_document,1.00,,Generic classification,,,C:/Users/kjfle/Documents/Organized_V2\General\Documents\2025-06-05_review_mexico_early_childhood_[education_care_department].pdf
36,2025-06-15_review_cco_000088.pdf,form,1.00,,Generic classification; Generic CCO file - needs context,,,C:/Users/kjfle/Documents/Organized_V2\Forms\General\2025-06-15_review_cco_000088.pdf
1120,2025-06-16_review_notes_legal_[eki_realty_group].pdf,general_document,1.00,legal_contract OR legal_agreement OR legal_court,Generic classification,,,C:/Users/kjfle/Documents/Organized_V2\General\Documents\2025-06-16_review_notes_legal_[eki_realty_group].pdf
50,2025-06-22_review_cco_000103.pdf,form,1.00,,Generic classification; Generic CCO file - needs context,,,C:/Users/kjfle/Documents/Organized_V2\Forms\General\2025-06-22_review_cco_000103.pdf
52,2025-06-23_review_cco_000105.pdf,general_document,1.00,,Generic classification; Generic CCO file - needs context,,,C:/Users/kjfle/Documents/Organized_V2\General\Documents\2025-06-23_review_cco_000105.pdf
53,2025-06-23_review_cco_000106.pdf,form,1.00,,Generic classification; Generic CCO file - needs context,,,C:/Users/kjfle/Documents/Organized_V2\Forms\General\2025-06-23_review_cco_000106.pdf
54,2025-06-23_review_cco_000107.pdf,general_document,1.00,,Generic classification; Generic CCO file - needs context,,,C:/Users/kjfle/Documents/Organized_V2\General\Documents\2025-06-23_review_cco_000107.pdf
55,2025-06-23_review_cco_000108.pdf,general_document,1.00,,Generic classification; Generic CCO file - needs context,,,C:/Users/kjfle/Documents/Organized_V2\General\Documents\2025-06-23_review_cco_000108.pdf
56,2025-06-23_review_cco_000109.pdf,general_document,1.00,,Generic classification; Generic CCO file - needs context,,,C:/Users/kjfle/Documents/Organized_V2\General\Documents\2025-06-23_review_cco_000109.pdf
76,2025-07-16_review_cco_000129.pdf,general_document,1.00,,Generic classification; Generic CCO file - needs context,,,C:/Users/kjfle/Documents/Organized_V2\General\Documents\2025-07-16_review_cco_000129.pdf
77,2025-07-16_review_cco_000130.pdf,general_document,1.00,,Generic classification; Generic CCO file - needs context,,,C:/Users/kjfle/Documents/Organized_V2\General\Documents\2025-07-16_review_cco_000130.pdf
115,3' E92 328i Automatic transmission GA6L45R.pdf,form,1.00,,Generic classification,,,C:/Users/kjfle/Documents/Organized_V2\Forms\General\3' E92 328i Automatic transmission GA6L45R.pdf
118,3' E92 328i Belt Drive-Vibration Damper.pdf,general_document,1.00,,Generic classification,,,C:/Users/kjfle/Documents/Organized_V2\General\Documents\3' E92 328i Belt Drive-Vibration Damper.pdf
117,3' E92 328i Belt drive-generator-AC-power steering.pdf,form,1.00,,Generic classification,,,C:/Users/kjfle/Documents/Organized_V2\Forms\General\3' E92 328i Belt drive-generator-AC-power steering.pdf
120,3' E92 328i Crankshaft Connecting Rod.pdf,general_document,1.00,,Generic classification,,,C:/Users/kjfle/Documents/Organized_V2\General\Documents\3' E92 328i Crankshaft Connecting Rod.pdf
121,3' E92 328i Crankshaft with bearing shells.pdf,general_document,1.00,,Generic classification,,,C:/Users/kjfle/Documents/Organized_V2\General\Documents\3' E92 328i Crankshaft with bearing shells.pdf
122,3' E92 328i Crankshaft-Pistons.pdf,general_document,1.00,,Generic classification,,,C:/Users/kjfle/Documents/Organized_V2\General\Documents\3' E92 328i Crankshaft-Pistons.pdf
124,3' E92 328i Cylinder Head Attached Parts.pdf,form,1.00,,Generic classification,,,C:/Users/kjfle/Documents/Organized_V2\Forms\General\3' E92 328i Cylinder Head Attached Parts.pdf
126,"3' E92 328i Cylinder head, electr. add-on parts.pdf",form,1.00,,Generic classification,,,"C:/Users/kjfle/Documents/Organized_V2\Forms\General\3' E92 328i Cylinder head, electr. add-on parts.pdf"
128,3' E92 328i Door handle illumination.pdf,general_document,1.00,,Generic classification,,,C:/Users/kjfle/Documents/Organized_V2\General\Documents\3' E92 328i Door handle illumination.pdf
131,3' E92 328i Engine Block Mounting Parts.pdf,form,1.00,automotive_technical OR automotive_service,Generic classification,,,C:/Users/kjfle/Documents/Organized_V2\Forms\General\3' E92 328i Engine Block Mounting Parts.pdf
133,"3' E92 328i Fluid-change kit, autom. transmission.pdf",general_document,1.00,,Generic classification,,,"C:/Users/kjfle/Documents/Organized_V2\General\Documents\3' E92 328i Fluid-change kit, autom. transmission.pdf"
136,3' E92 328i Flywheel -Twin Mass Flywheel.pdf,general_document,1.00,,Generic classification,,,C:/Users/kjfle/Documents/Organized_V2\General\Documents\3' E92 328i Flywheel -Twin Mass Flywheel.pdf
135,3' E92 328i Flywheel automatic.pdf,general_document,1.00,,Generic classification,,,C:/Users/kjfle/Documents/Organized_V2\General\Documents\3' E92 328i Flywheel automatic.pdf
137,3' E92 328i Fog lights.pdf,general_document,1.00,,Generic classification,,,C:/Users/kjfle/Documents/Organized_V2\General\Documents\3' E92 328i Fog lights.pdf
139,3' E92 328i GA6L45R Drive.pdf,general_document,1.00,,Generic classification,,,C:/Users/kjfle/Documents/Organized_V2\General\Documents\3' E92 328i GA6L45R Drive.pdf
143,3' E92 328i GA6L45R Mechatronics.pdf,general_document,1.00,,Generic classification,,,C:/Users/kjfle/Documents/Organized_V2\General\Documents\3' E92 328i GA6L45R Mechatronics.pdf
141,3' E92 328i GA6L45R gearshift.pdf,general_document,1.00,,Generic classification,,,C:/Users/kjfle/Documents/Organized_V2\General\Documents\3' E92 328i GA6L45R gearshift.pdf
144,3' E92 328i GA6L45R oil pan.pdf,general_document,1.00,,Generic classification,,,C:/Users/kjfle/Documents/Organized_V2\General\Documents\3' E92 328i GA6L45R oil pan.pdf
146,3' E92 328i GA6L45R output.pdf,general_document,1.00,,Generic classification,,,C:/Users/kjfle/Documents/Organized_V2\General\Documents\3' E92 328i GA6L45R output.pdf
148,3' E92 328i Gearbox mounting parts.pdf,form,1.00,,Generic classification,,,C:/Users/kjfle/Documents/Organized_V2\Forms\General\3' E92 328i Gearbox mounting parts.pdf
150,3' E92 328i Headlight.pdf,general_document,1.00,,Generic classification,,,C:/Users/kjfle/Documents/Organized_V2\General\Documents\3' E92 328i Headlight.pdf
152,3' E92 328i Intake manifold system.pdf,form,1.00,,Generic classification,,,C:/Users/kjfle/Documents/Organized_V2\Forms\General\3' E92 328i Intake manifold system.pdf
153,3' E92 328i Lubrication system-Oil filter.pdf,general_document,1.00,,Generic classification,,,C:/Users/kjfle/Documents/Organized_V2\General\Documents\3' E92 328i Lubrication system-Oil filter.pdf
154,3' E92 328i Lubrication system-Oil pump drive.pdf,general_document,1.00,,Generic classification,,,C:/Users/kjfle/Documents/Organized_V2\General\Documents\3' E92 328i Lubrication system-Oil pump drive.pdf
155,3' E92 328i Lubrication system-Oil pump.pdf,form,1.00,,Generic classification,,,C:/Users/kjfle/Documents/Organized_V2\Forms\General\3' E92 328i Lubrication system-Oil pump.pdf
156,3' E92 328i Mounting parts f intake manifold system.pdf,general_document,1.00,,Generic classification,,,C:/Users/kjfle/Documents/Organized_V2\General\Documents\3' E92 328i Mounting parts f intake manifold system.pdf
157,3' E92 328i Oil Pan.pdf,form,1.00,,Generic classification,,,C:/Users/kjfle/Documents/Organized_V2\Forms\General\3' E92 328i Oil Pan.pdf
158,3' E92 328i Rear light.pdf,general_document,1.00,,Generic classification,,,C:/Users/kjfle/Documents/Organized_V2\General\Documents\3' E92 328i Rear light.pdf
160,3' E92 328i Registration plate light.pdf,general_document,1.00,,Generic classification,,,C:/Users/kjfle/Documents/Organized_V2\General\Documents\3' E92 328i Registration plate light.pdf
162,"3' E92 328i Service Kit, Inspection I - Oil service.pdf",general_document,1.00,,Generic classification,,,"C:/Users/kjfle/Documents/Organized_V2\General\Documents\3' E92 328i Service Kit, Inspection I - Oil service.pdf"
163,3' E92 328i Short Engine.pdf,form,1.00,automotive_technical OR automotive_service,Generic classification,,,C:/Users/kjfle/Documents/Organized_V2\Forms\General\3' E92 328i Short Engine.pdf
164,3' E92 328i Single components for headlight.pdf,general_document,1.00,,Generic classification,,,C:/Users/kjfle/Documents/Organized_V2\General\Documents\3' E92 328i Single components for headlight.pdf
166,3' E92 328i Third stoplamp.pdf,general_document,1.00,,Generic classification,,,C:/Users/kjfle/Documents/Organized_V2\General\Documents\3' E92 328i Third stoplamp.pdf
168,3' E92 328i Timing and valve train-timing chain.pdf,general_document,1.00,,Generic classification,,,C:/Users/kjfle/Documents/Organized_V2\General\Documents\3' E92 328i Timing and valve train-timing chain.pdf
170,"3' E92 328i Valve timing gear, camshaft, inlet.pdf",general_document,1.00,,Generic classification,,,"C:/Users/kjfle/Documents/Organized_V2\General\Documents\3' E92 328i Valve timing gear, camshaft, inlet.pdf"
171,"3' E92 328i Valve timing gear, camshaft, outlet.pdf",general_document,1.00,,Generic classification,,,"C:/Users/kjfle/Documents/Organized_V2\General\Documents\3' E92 328i Valve timing gear, camshaft, outlet.pdf"
172,"3' E92 328i Valve timing gear, eccentric shaft.pdf",general_document,1.00,,Generic classification,,,"C:/Users/kjfle/Documents/Organized_V2\General\Documents\3' E92 328i Valve timing gear, eccentric shaft.pdf"
175,3' E92 328i Waterpump - Thermostat.pdf,form,1.00,,Generic classification,,,C:/Users/kjfle/Documents/Organized_V2\Forms\General\3' E92 328i Waterpump - Thermostat.pdf
198,"A6000 DME control unit, module 2 and 3 and 4.pdf",general_document,1.00,,Generic classification,,,"C:/Users/kjfle/Documents/Organized_V2\General\Documents\A6000 DME control unit, module 2 and 3 and 4.pdf"
217,AIR - Wiring diagram viewer.pdf,general_document,1.00,,Generic classification,,,C:/Users/kjfle/Documents/Organized_V2\General\Documents\AIR - Wiring diagram viewer.pdf
204,Adjusting headlights.pdf,general_document,1.00,,Generic classification,,,C:/Users/kjfle/Documents/Organized_V2\General\Documents\Adjusting headlights.pdf
207,"Adobe Scan May 7, 2025.pdf",general_document,1.00,,Generic classification,,,"C:/Users/kjfle/Documents/Organized_V2\General\Documents\Adobe Scan May 7, 2025.pdf"
210,"Adobe Scan Sep 27, 2023 (1).pdf",general_document,1.00,,Generic classification,,,"C:/Users/kjfle/Documents/Organized_V2\General\Documents\Adobe Scan Sep 27, 2023 (1).pdf"
211,"Adobe Scan Sep 27, 2023 (2).pdf",general_document,1.00,,Generic classification,,,"C:/Users/kjfle/Documents/Organized_V2\General\Documents\Adobe Scan Sep 27, 2023 (2).pdf"
212,"Adobe Scan Sep 27, 2023 (3).pdf",general_document,1.00,,Generic classification,,,"C:/Users/kjfle/Documents/Organized_V2\General\Documents\Adobe Scan Sep 27, 2023 (3).pdf"
213,"Adobe Scan Sep 27, 2023.pdf",general_document,1.00,,Generic classification,,,"C:/Users/kjfle/Documents/Organized_V2\General\Documents\Adobe Scan Sep 27, 2023.pdf"
218,"Air supply, DISA, mass air flow sensor.pdf",general_document,1.00,,Generic classification,,,"C:/Users/kjfle/Documents/Organized_V2\General\Documents\Air supply, DISA, mass air flow sensor.pdf"
221,Anwenderinformationfeld.pdf,general_document,1.00,,Generic classification,,,C:/Users/kjfle/Documents/Organized_V2\General\Documents\Anwenderinformationfeld.pdf
229,Assessment of the rubber mounts on axle components.pdf,general_document,1.00,,Generic classification,,,C:/Users/kjfle/Documents/Organized_V2\General\Documents\Assessment of the rubber mounts on axle components.pdf
230,Automatic transmission fluid for GM transmission GA6L45R.pdf,form,1.00,,Generic classification,,,C:/Users/kjfle/Documents/Organized_V2\Forms\General\Automatic transmission fluid for GM transmission GA6L45R.pdf
242,"BMW M3, 317kW (WBS8M9C51G5D31312).pdf",general_document,1.00,automotive_technical OR automotive_service,Generic classification,,,"C:/Users/kjfle/Documents/Organized_V2\General\Documents\BMW M3, 317kW (WBS8M9C51G5D31312).pdf"
246,BMW20201107.pdf,form,1.00,automotive_technical OR automotive_service | tax_document OR tax_form OR tax_return,Generic classification,,,C:/Users/kjfle/Documents/Organized_V2\Forms\General\BMW20201107.pdf
247,BMW20201113.pdf,form,1.00,automotive_technical OR automotive_service | tax_document OR tax_form OR tax_return,Generic classification,,,C:/Users/kjfle/Documents/Organized_V2\Forms\General\BMW20201113.pdf
248,BMW20201127.pdf,form,1.00,automotive_technical OR automotive_service | tax_document OR tax_form OR tax_return,Generic classification,,,C:/Users/kjfle/Documents/Organized_V2\Forms\General\BMW20201127.pdf
249,BMW20201201.pdf,form,1.00,automotive_technical OR automotive_service | tax_document OR tax_form OR tax_return,Generic classification,,,C:/Users/kjfle/Documents/Organized_V2\Forms\General\BMW20201201.pdf
250,BMW20201205.pdf,form,1.00,automotive_technical OR automotive_service | tax_document OR tax_form OR tax_return,Generic classification,,,C:/Users/kjfle/Documents/Organized_V2\Forms\General\BMW20201205.pdf
251,BMW20201208.pdf,form,1.00,automotive_technical OR automotive_service | tax_document OR tax_form OR tax_return,Generic classification,,,C:/Users/kjfle/Documents/Organized_V2\Forms\General\BMW20201208.pdf
238,Bleeding power steering unit.pdf,general_document,1.00,,Generic classification,,,C:/Users/kjfle/Documents/Organized_V2\General\Documents\Bleeding power steering unit.pdf
253,"Book Oct 22, 2024.pdf",general_document,1.00,,Generic classification,,,"C:/Users/kjfle/Documents/Organized_V2\General\Documents\Book Oct 22, 2024.pdf"
83,Book1.xlsx,general_document,1.00,,Generic classification,,,C:/Users/kjfle/Documents/Organized_V2\General\Documents\Book1.xlsx
255,Book2.xlsx,general_document,1.00,,Generic classification,,,C:/Users/kjfle/Documents/Organized_V2\General\Documents\Book2.xlsx
256,Book3.xlsx,general_document,1.00,,Generic classification,,,C:/Users/kjfle/Documents/Organized_V2\General\Documents\Book3.xlsx
257,Book3_2.xlsx,general_document,1.00,,Generic classification,,,C:/Users/kjfle/Documents/Organized_V2\General\Documents\Book3_2.xlsx
263,Build thread.docx,form,1.00,,Generic classification,,,C:/Users/kjfle/Documents/Organized_V2\Forms\General\Build thread.docx
293,CBS reset.pdf,general_document,1.00,,Generic classification,,,C:/Users/kjfle/Documents/Organized_V2\General\Documents\CBS reset.pdf
311,Charging Battery Installed in Vehicle.docx,general_document,1.00,automotive_technical OR automotive_service,Generic classification,,,C:/Users/kjfle/Documents/Organized_V2\General\Documents\Charging Battery Installed in Vehicle.docx
314,"Checking coolant level and concentration, correcting if necessary.pdf",general_document,1.00,,Generic classification,,,"C:/Users/kjfle/Documents/Organized_V2\General\Documents\Checking coolant level and concentration, correcting if necessary.pdf"
315,Checking-topping up oil level in automatic transmission.pdf,general_document,1.00,,Generic classification,,,C:/Users/kjfle/Documents/Organized_V2\General\Documents\Checking-topping up oil level in automatic transmission.pdf
84,Checkout.pdf,general_document,1.00,,Generic classification,,,C:/Users/kjfle/Documents/Organized_V2\General\Documents\Checkout.pdf
332,Corporations and Business Services.pdf,form,1.00,,Generic classification,,,C:/Users/kjfle/Documents/Organized_V2\Forms\General\Corporations and Business Services.pdf
394,DataSet-0_2025-10-24.csv,general_document,1.00,,Generic classification,,,C:/Users/kjfle/Documents/Organized_V2\General\Documents\DataSet-0_2025-10-24.csv
395,DataSet-0_2025-10-24.csv.xlsx,general_document,1.00,,Generic classification,,,C:/Users/kjfle/Documents/Organized_V2\General\Documents\DataSet-0_2025-10-24.csv.xlsx
396,DataSet-1_2025-10-24.csv,general_document,1.00,,Generic classification,,,C:/Users/kjfle/Documents/Organized_V2\General\Documents\DataSet-1_2025-10-24.csv
397,DataSet-1_2025-10-24.csv.xlsx,general_document,1.00,,Generic classification,,,C:/Users/kjfle/Documents/Organized_V2\General\Documents\DataSet-1_2025-10-24.csv.xlsx
398,DataSet-2_2025-10-24.csv,general_document,1.00,,Generic classification,,,C:/Users/kjfle/Documents/Organized_V2\General\Documents\DataSet-2_2025-10-24.csv
407,Draining and adding coolant (S55) (19 FRU).pdf,general_document,1.00,,Generic classification,,,C:/Users/kjfle/Documents/Organized_V2\General\Documents\Draining and adding coolant (S55) (19 FRU).pdf
411,E92.xlsx,form,1.00,,Generic classification,,,C:/Users/kjfle/Documents/Organized_V2\Forms\General\E92.xlsx
450,"EKI Realty Group, Tentant Contact Information.pdf",general_document,1.00,,Generic classification,,,"C:/Users/kjfle/Documents/Organized_V2\General\Documents\EKI Realty Group, Tentant Contact Information.pdf"
454,Engine oil change (S55).pdf,general_document,1.00,automotive_technical OR automotive_service,Generic classification,,,C:/Users/kjfle/Documents/Organized_V2\General\Documents\Engine oil change (S55).pdf
461,Error Memory 20.05.2025.pdf,general_document,1.00,,Generic classification,,,C:/Users/kjfle/Documents/Organized_V2\General\Documents\Error Memory 20.05.2025.pdf
462,Error Memory 22.05.2025.pdf,general_document,1.00,,Generic classification,,,C:/Users/kjfle/Documents/Organized_V2\General\Documents\Error Memory 22.05.2025.pdf
592,Floor Plan.pdf,general_document,1.00,,Generic classification,,,C:/Users/kjfle/Documents/Organized_V2\General\Documents\Floor Plan.pdf
594,"Foreign Contact Reporting - Laura, Ramirez.pdf",form,1.00,,Generic classification,,,"C:/Users/kjfle/Documents/Organized_V2\Forms\General\Foreign Contact Reporting - Laura, Ramirez.pdf"
633,ISTA_P_AOS_installation_guide-v1_2.pdf,form,1.00,,Generic classification,,,C:/Users/kjfle/Documents/Organized_V2\Forms\General\ISTA_P_AOS_installation_guide-v1_2.pdf
670,MC-10146924-9999.pdf,form,1.00,,Generic classification,,,C:/Users/kjfle/Documents/Organized_V2\Forms\General\MC-10146924-9999.pdf
671,MC-10149299-9999.pdf,form,1.00,,Generic classification,,,C:/Users/kjfle/Documents/Organized_V2\Forms\General\MC-10149299-9999.pdf
672,MC-10154818-9999.pdf,form,1.00,,Generic classification,,,C:/Users/kjfle/Documents/Organized_V2\Forms\General\MC-10154818-9999.pdf
669,Market Value Analysis.xlsx,general_document,1.00,,Generic classification,,,C:/Users/kjfle/Documents/Organized_V2\General\Documents\Market Value Analysis.xlsx
695,Oil Filter and Lines.pdf,general_document,1.00,,Generic classification,,,C:/Users/kjfle/Documents/Organized_V2\General\Documents\Oil Filter and Lines.pdf
697,Oil sump_2.pdf,general_document,1.00,,Generic classification,,,C:/Users/kjfle/Documents/Organized_V2\General\Documents\Oil sump_2.pdf
698,"Oil supply, BMW, S55, B30.pdf",general_document,1.00,automotive_technical OR automotive_service,Generic classification,,,"C:/Users/kjfle/Documents/Organized_V2\General\Documents\Oil supply, BMW, S55, B30.pdf"
792,PFI_Wall_Chart_60-4402-7779-0_2018_V2_1 (1).pdf,form,1.00,,Generic classification,,,C:/Users/kjfle/Documents/Organized_V2\Forms\General\PFI_Wall_Chart_60-4402-7779-0_2018_V2_1 (1).pdf
793,PFI_Wall_Chart_60-4402-7779-0_2018_V2_1.pdf,form,1.00,,Generic classification,,,C:/Users/kjfle/Documents/Organized_V2\Forms\General\PFI_Wall_Chart_60-4402-7779-0_2018_V2_1.pdf
786,Paint Finishing Guide_60-4402-7884-8_V5_LR_2018.pdf,form,1.00,,Generic classification,,,C:/Users/kjfle/Documents/Organized_V2\Forms\General\Paint Finishing Guide_60-4402-7884-8_V5_LR_2018.pdf
788,PayPal_ Transaction Details.pdf,general_document,1.00,,Generic classification,,,C:/Users/kjfle/Documents/Organized_V2\General\Documents\PayPal_ Transaction Details.pdf
800,"Power supply, footwell module FRM.pdf",general_document,1.00,,Generic classification,,,"C:/Users/kjfle/Documents/Organized_V2\General\Documents\Power supply, footwell module FRM.pdf"
812,Programming State 21.05.2025.pdf,general_document,1.00,,Generic classification,,,C:/Users/kjfle/Documents/Organized_V2\General\Documents\Programming State 21.05.2025.pdf
829,Rear_Axle_Support_Inspection.pdf,form,1.00,,Generic classification,,,C:/Users/kjfle/Documents/Organized_V2\Forms\General\Rear_Axle_Support_Inspection.pdf
835,Removing and installing front bumper trim.pdf,general_document,1.00,automotive_technical OR automotive_service,Generic classification,,,C:/Users/kjfle/Documents/Organized_V2\General\Documents\Removing and installing front bumper trim.pdf
836,Removing and installing or replacing left headlight (adaptive headlight).pdf,general_document,1.00,automotive_technical OR automotive_service,Generic classification,,,C:/Users/kjfle/Documents/Organized_V2\General\Documents\Removing and installing or replacing left headlight (adaptive headlight).pdf
837,Removing and installing replacing fan cowl with electric fan N51.pdf,general_document,1.00,automotive_technical OR automotive_service,Generic classification,,,C:/Users/kjfle/Documents/Organized_V2\General\Documents\Removing and installing replacing fan cowl with electric fan N51.pdf
838,Removing and installing replacing rear underbody protection.pdf,general_document,1.00,automotive_technical OR automotive_service,Generic classification,,,C:/Users/kjfle/Documents/Organized_V2\General\Documents\Removing and installing replacing rear underbody protection.pdf
842,Removing and installing-replacing footwell module (8 FRU).pdf,general_document,1.00,automotive_technical OR automotive_service,Generic classification,,,C:/Users/kjfle/Documents/Organized_V2\General\Documents\Removing and installing-replacing footwell module (8 FRU).pdf
843,Removing and installing-replacing front stabilizer.pdf,general_document,1.00,automotive_technical OR automotive_service,Generic classification,,,C:/Users/kjfle/Documents/Organized_V2\General\Documents\Removing and installing-replacing front stabilizer.pdf
845,Removing and installing-replacing heater-air conditioner operator unit (version without CCC-ASK).pdf,general_document,1.00,automotive_technical OR automotive_service,Generic classification,,,C:/Users/kjfle/Documents/Organized_V2\General\Documents\Removing and installing-replacing heater-air conditioner operator unit (version without CCC-ASK).pdf
846,Removing and installing-replacing push rod (anti-roll bar) for left-right anti roll bar.pdf,general_document,1.00,automotive_technical OR automotive_service,Generic classification,,,C:/Users/kjfle/Documents/Organized_V2\General\Documents\Removing and installing-replacing push rod (anti-roll bar) for left-right anti roll bar.pdf
847,Removing and installing-replacing radio receiver.pdf,general_document,1.00,automotive_technical OR automotive_service,Generic classification,,,C:/Users/kjfle/Documents/Organized_V2\General\Documents\Removing and installing-replacing radio receiver.pdf
848,"Removing and installing-replacing side trim panel, footwell, on A-pillar, left (driver side).pdf",general_document,1.00,automotive_technical OR automotive_service,Generic classification,,,"C:/Users/kjfle/Documents/Organized_V2\General\Documents\Removing and installing-replacing side trim panel, footwell, on A-pillar, left (driver side).pdf"
840,Removing and installing.replacing coolant thermostat (N51).pdf,form,1.00,automotive_technical OR automotive_service,Generic classification,,,C:/Users/kjfle/Documents/Organized_V2\Forms\General\Removing and installing.replacing coolant thermostat (N51).pdf
852,Replacing control unit for right xenon headlight.pdf,general_document,1.00,,Generic classification,,,C:/Users/kjfle/Documents/Organized_V2\General\Documents\Replacing control unit for right xenon headlight.pdf
853,Replacing left-right swivel bearing.pdf,general_document,1.00,,Generic classification,,,C:/Users/kjfle/Documents/Organized_V2\General\Documents\Replacing left-right swivel bearing.pdf
858,Requirements made of engine coolant.pdf,form,1.00,automotive_technical OR automotive_service,Generic classification,,,C:/Users/kjfle/Documents/Organized_V2\Forms\General\Requirements made of engine coolant.pdf
859,Requirements made of engine coolant_2.pdf,form,1.00,automotive_technical OR automotive_service,Generic classification,,,C:/Users/kjfle/Documents/Organized_V2\Forms\General\Requirements made of engine coolant_2.pdf
989,Riken RAPTOR ZR A.docx,general_document,1.00,,Generic classification,,,C:/Users/kjfle/Documents/Organized_V2\General\Documents\Riken RAPTOR ZR A.docx
1046,SUMITOMO HTR Z5.docx,general_document,1.00,,Generic classification,,,C:/Users/kjfle/Documents/Organized_V2\General\Documents\SUMITOMO HTR Z5.docx
1000,Service - engine oil (N51)_2.pdf,general_document,1.00,automotive_technical OR automotive_service,Generic classification,,,C:/Users/kjfle/Documents/Organized_V2\General\Documents\Service - engine oil (N51)_2.pdf
1005,"Since Nov 16, 2024.CSV",general_document,1.00,,Generic classification,,,"C:/Users/kjfle/Documents/Organized_V2\General\Documents\Since Nov 16, 2024.CSV"
1007,"Sr. Satellite Test Engineer, Integrated...esting - Job ID_ 3034813 _ Amazon.pdf",general_document,1.00,automotive_technical OR automotive_service,Generic classification,,,"C:/Users/kjfle/Documents/Organized_V2\General\Documents\Sr. Satellite Test Engineer, Integrated...esting - Job ID_ 3034813 _ Amazon.pdf"
1033,"Statement closed Aug 15, 2024.CSV",general_document,1.00,financial_invoice OR financial_statement OR financial_receipt,Generic classification,,,"C:/Users/kjfle/Documents/Organized_V2\General\Documents\Statement closed Aug 15, 2024.CSV"
1034,"Statement closed Jul 15, 2024.CSV",general_document,1.00,financial_invoice OR financial_statement OR financial_receipt,Generic classification,,,"C:/Users/kjfle/Documents/Organized_V2\General\Documents\Statement closed Jul 15, 2024.CSV"
1035,"Statement closed Jun 17, 2024.CSV",general_document,1.00,financial_invoice OR financial_statement OR financial_receipt,Generic classification,,,"C:/Users/kjfle/Documents/Organized_V2\General\Documents\Statement closed Jun 17, 2024.CSV"
1036,"Statement closed Nov 15, 2024.CSV",general_document,1.00,financial_invoice OR financial_statement OR financial_receipt,Generic classification,,,"C:/Users/kjfle/Documents/Organized_V2\General\Documents\Statement closed Nov 15, 2024.CSV"
1037,"Statement closed Oct 15, 2024.CSV",general_document,1.00,financial_invoice OR financial_statement OR financial_receipt,Generic classification,,,"C:/Users/kjfle/Documents/Organized_V2\General\Documents\Statement closed Oct 15, 2024.CSV"
1038,"Statement closed Sep 16, 2024.CSV",general_document,1.00,financial_invoice OR financial_statement OR financial_receipt,Generic classification,,,"C:/Users/kjfle/Documents/Organized_V2\General\Documents\Statement closed Sep 16, 2024.CSV"
1053,TEMPLATE -- Market Value Analysis.xlsx,general_document,1.00,personal_career_tool OR personal_finance_tool,Generic classification,,,C:/Users/kjfle/Documents/Organized_V2\General\Documents\TEMPLATE -- Market Value Analysis.xlsx
1059,TEMPLATE--Wheel Fitment.xlsx,general_document,1.00,personal_career_tool OR personal_finance_tool,Generic classification,,,C:/Users/kjfle/Documents/Organized_V2\General\Documents\TEMPLATE--Wheel Fitment.xlsx
1070,The_Amazing_Power_of_Empathy_Blog_Post.pdf,general_document,1.00,,Generic classification,,,C:/Users/kjfle/Documents/Organized_V2\General\Documents\The_Amazing_Power_of_Empathy_Blog_Post.pdf
1072,Tightning Torque Slip control system (DSC).pdf,general_document,1.00,,Generic classification,,,C:/Users/kjfle/Documents/Organized_V2\General\Documents\Tightning Torque Slip control system (DSC).pdf
1073,Tightning Torque Spring Struts.pdf,general_document,1.00,,Generic classification,,,C:/Users/kjfle/Documents/Organized_V2\General\Documents\Tightning Torque Spring Struts.pdf
1076,Tire Rack - Order Number FH47906.pdf,general_document,1.00,,Generic classification,,,C:/Users/kjfle/Documents/Organized_V2\General\Documents\Tire Rack - Order Number FH47906.pdf
1077,Tire Rack - Order Number FK08723.pdf,general_document,1.00,,Generic classification,,,C:/Users/kjfle/Documents/Organized_V2\General\Documents\Tire Rack - Order Number FK08723.pdf
1079,Torque specification Anti-roll bar.pdf,general_document,1.00,,Generic classification,,,C:/Users/kjfle/Documents/Organized_V2\General\Documents\Torque specification Anti-roll bar.pdf
1081,"Transmission housing, transmission oil sump.pdf",general_document,1.00,,Generic classification,,,"C:/Users/kjfle/Documents/Organized_V2\General\Documents\Transmission housing, transmission oil sump.pdf"
1082,Untitled.txt,general_document,1.00,,Generic classification,,,C:/Users/kjfle/Documents/Organized_V2\General\Documents\Untitled.txt
1084,Use new steering arm mounting bolts.docx,general_document,1.00,,Generic classification,,,C:/Users/kjfle/Documents/Organized_V2\General\Documents\Use new steering arm mounting bolts.docx
1085,User Information Field 21.05.2025.pdf,general_document,1.00,,Generic classification,,,C:/Users/kjfle/Documents/Organized_V2\General\Documents\User Information Field 21.05.2025.pdf
1094,Vehicle Data 20.05.2025.pdf,general_document,1.00,automotive_technical OR automotive_service,Generic classification,,,C:/Users/kjfle/Documents/Organized_V2\General\Documents\Vehicle Data 20.05.2025.pdf
1112,"[3' E92 328i] Parts Diagram, Engine.docx",general_document,1.00,automotive_technical OR automotive_service,Generic classification,,,"C:/Users/kjfle/Documents/Organized_V2\General\Documents\[3' E92 328i] Parts Diagram, Engine.docx"
1113,"[3' E92 328i] Parts Diagram, Engine.pdf",general_document,1.00,automotive_technical OR automotive_service,Generic classification,,,"C:/Users/kjfle/Documents/Organized_V2\General\Documents\[3' E92 328i] Parts Diagram, Engine.pdf"
1114,[P118956] Vehicle Diagnostic Report 20201205.pdf,general_document,1.00,automotive_technical OR automotive_service,Generic classification,,,C:/Users/kjfle/Documents/Organized_V2\General\Documents\[P118956] Vehicle Diagnostic Report 20201205.pdf
197,a02afaa9-f7a3-4b9b-9587-987d8cd1d45e.pdf,form,1.00,,Generic classification,,,C:/Users/kjfle/Documents/Organized_V2\Forms\General\a02afaa9-f7a3-4b9b-9587-987d8cd1d45e.pdf
200,accounts.xlsx,general_document,1.00,,Generic classification,,,C:/Users/kjfle/Documents/Organized_V2\General\Documents\accounts.xlsx
234,bcr_f_08_br.pdf,form,1.00,,Generic classification,,,C:/Users/kjfle/Documents/Organized_V2\Forms\General\bcr_f_08_br.pdf
252,bmw-models.xlsx,general_document,1.00,automotive_technical OR automotive_service,Generic classification,,,C:/Users/kjfle/Documents/Organized_V2\General\Documents\bmw-models.xlsx
245,bmw_project.pdf,form,1.00,automotive_technical OR automotive_service,Generic classification,,,C:/Users/kjfle/Documents/Organized_V2\Forms\General\bmw_project.pdf
261,brakes.docx,general_document,1.00,,Generic classification,,,C:/Users/kjfle/Documents/Organized_V2\General\Documents\brakes.docx
264,build_thread_20201027.docx,form,1.00,,Generic classification,,,C:/Users/kjfle/Documents/Organized_V2\Forms\General\build_thread_20201027.docx
266,build_thread_20201102.docx,general_document,1.00,,Generic classification,,,C:/Users/kjfle/Documents/Organized_V2\General\Documents\build_thread_20201102.docx
267,build_thread_20201105.docx,general_document,1.00,,Generic classification,,,C:/Users/kjfle/Documents/Organized_V2\General\Documents\build_thread_20201105.docx
268,build_thread_20201116.docx,general_document,1.00,,Generic classification,,,C:/Users/kjfle/Documents/Organized_V2\General\Documents\build_thread_20201116.docx
269,build_thread_20201119.docx,general_document,1.00,,Generic classification,,,C:/Users/kjfle/Documents/Organized_V2\General\Documents\build_thread_20201119.docx
270,build_thread_20201120.docx,general_document,1.00,,Generic classification,,,C:/Users/kjfle/Documents/Organized_V2\General\Documents\build_thread_20201120.docx
271,build_thread_20201130.docx,general_document,1.00,,Generic classification,,,C:/Users/kjfle/Documents/Organized_V2\General\Documents\build_thread_20201130.docx
275,build_thread_2020216.docx,general_document,1.00,,Generic classification,,,C:/Users/kjfle/Documents/Organized_V2\General\Documents\build_thread_2020216.docx
276,build_thread_2020217.docx,general_document,1.00,,Generic classification,,,C:/Users/kjfle/Documents/Organized_V2\General\Documents\build_thread_2020217.docx
277,build_thread_2020218.docx,general_document,1.00,,Generic classification,,,C:/Users/kjfle/Documents/Organized_V2\General\Documents\build_thread_2020218.docx
278,build_thread_2020219.docx,general_document,1.00,,Generic classification,,,C:/Users/kjfle/Documents/Organized_V2\General\Documents\build_thread_2020219.docx
279,build_thread_2020220.docx,form,1.00,,Generic classification,,,C:/Users/kjfle/Documents/Organized_V2\Forms\General\build_thread_2020220.docx
280,build_thread_2020221.docx,form,1.00,,Generic classification,,,C:/Users/kjfle/Documents/Organized_V2\Forms\General\build_thread_2020221.docx
281,build_thread_2020222.docx,general_document,1.00,,Generic classification,,,C:/Users/kjfle/Documents/Organized_V2\General\Documents\build_thread_2020222.docx
282,build_thread_2020223.docx,general_document,1.00,,Generic classification,,,C:/Users/kjfle/Documents/Organized_V2\General\Documents\build_thread_2020223.docx
283,build_thread_2020224.docx,general_document,1.00,,Generic classification,,,C:/Users/kjfle/Documents/Organized_V2\General\Documents\build_thread_2020224.docx
323,compression_test.xlsx,general_document,1.00,,Generic classification,,,C:/Users/kjfle/Documents/Organized_V2\General\Documents\compression_test.xlsx
328,copart-fees-calcualtor.xlsx,general_document,1.00,,Generic classification,,,C:/Users/kjfle/Documents/Organized_V2\General\Documents\copart-fees-calcualtor.xlsx
340,cost_summary_tooling.xlsx,general_document,1.00,personal_career_tool OR personal_finance_tool,Generic classification,,,C:/Users/kjfle/Documents/Organized_V2\General\Documents\cost_summary_tooling.xlsx
399,deletion-checklist.txt,general_document,1.00,,Generic classification,,,C:/Users/kjfle/Documents/Organized_V2\General\Documents\deletion-checklist.txt
404,disassembly-notes.docx,general_document,1.00,,Generic classification,,,C:/Users/kjfle/Documents/Organized_V2\General\Documents\disassembly-notes.docx
460,engine-rebuild-notes.docx,general_document,1.00,automotive_technical OR automotive_service,Generic classification,,,C:/Users/kjfle/Documents/Organized_V2\General\Documents\engine-rebuild-notes.docx
463,error_memory_report_1.pdf,general_document,1.00,,Generic classification,,,C:/Users/kjfle/Documents/Organized_V2\General\Documents\error_memory_report_1.pdf
465,estimate.xlsx,general_document,1.00,,Generic classification,,,C:/Users/kjfle/Documents/Organized_V2\General\Documents\estimate.xlsx
468,export-analysis-summary.txt,form,1.00,,Generic classification,,,C:/Users/kjfle/Documents/Organized_V2\Forms\General\export-analysis-summary.txt
472,failed-files-retry.log,general_document,1.00,,Generic classification,,,C:/Users/kjfle/Documents/Organized_V2\General\Documents\failed-files-retry.log
597,form-1-individual-application-for-incose-csep Fleming.pdf,general_document,1.00,,Generic classification,,,C:/Users/kjfle/Documents/Organized_V2\General\Documents\form-1-individual-application-for-incose-csep Fleming.pdf
598,form-1-individual-application-for-incose-csep Fleming_1.pdf,general_document,1.00,,Generic classification,,,C:/Users/kjfle/Documents/Organized_V2\General\Documents\form-1-individual-application-for-incose-csep Fleming_1.pdf
602,form-1-individual-application-for-incose-csep-good-example.pdf,general_document,1.00,,Generic classification,,,C:/Users/kjfle/Documents/Organized_V2\General\Documents\form-1-individual-application-for-incose-csep-good-example.pdf
603,form-1-individual-application-for-incose-csep-good-example_1.pdf,general_document,1.00,,Generic classification,,,C:/Users/kjfle/Documents/Organized_V2\General\Documents\form-1-individual-application-for-incose-csep-good-example_1.pdf
599,form-1-individual-application-for-incose-csep.pdf,general_document,1.00,,Generic classification,,,C:/Users/kjfle/Documents/Organized_V2\General\Documents\form-1-individual-application-for-incose-csep.pdf
600,form-1-individual-application-for-incose-csep_1.pdf,general_document,1.00,,Generic classification,,,C:/Users/kjfle/Documents/Organized_V2\General\Documents\form-1-individual-application-for-incose-csep_1.pdf
601,form-1-individual-application-for-incose-csepae54ee8472db67488e78ff000036190a.pdf,general_document,1.00,,Generic classification,,,C:/Users/kjfle/Documents/Organized_V2\General\Documents\form-1-individual-application-for-incose-csepae54ee8472db67488e78ff000036190a.pdf
608,form-4b-csep-esep-reference-example.pdf,general_document,1.00,,Generic classification,,,C:/Users/kjfle/Documents/Organized_V2\General\Documents\form-4b-csep-esep-reference-example.pdf
609,form-4b-csep-esep-reference-example_1.pdf,general_document,1.00,,Generic classification,,,C:/Users/kjfle/Documents/Organized_V2\General\Documents\form-4b-csep-esep-reference-example_1.pdf
613,hardware.xlsx,general_document,1.00,,Generic classification,,,C:/Users/kjfle/Documents/Organized_V2\General\Documents\hardware.xlsx
641,latest_bmw_project.docx,general_document,1.00,automotive_technical OR automotive_service,Generic classification,,,C:/Users/kjfle/Documents/Organized_V2\General\Documents\latest_bmw_project.docx
647,main_group.xlsx,general_document,1.00,,Generic classification,,,C:/Users/kjfle/Documents/Organized_V2\General\Documents\main_group.xlsx
648,main_group_2.xlsx,form,1.00,,Generic classification,,,C:/Users/kjfle/Documents/Organized_V2\Forms\General\main_group_2.xlsx
655,main_group_EXHAUST_SYSTEM.xlsx,general_document,1.00,,Generic classification,,,C:/Users/kjfle/Documents/Organized_V2\General\Documents\main_group_EXHAUST_SYSTEM.xlsx
649,main_group_brakes.xlsx,general_document,1.00,,Generic classification,,,C:/Users/kjfle/Documents/Organized_V2\General\Documents\main_group_brakes.xlsx
653,main_group_engine-and-transmission-suspension.xlsx,general_document,1.00,automotive_technical OR automotive_service,Generic classification,,,C:/Users/kjfle/Documents/Organized_V2\General\Documents\main_group_engine-and-transmission-suspension.xlsx
654,main_group_engine-electrical-system.xlsx,general_document,1.00,automotive_technical OR automotive_service,Generic classification,,,C:/Users/kjfle/Documents/Organized_V2\General\Documents\main_group_engine-electrical-system.xlsx
658,main_group_fuel-preparation-system.xlsx,general_document,1.00,,Generic classification,,,C:/Users/kjfle/Documents/Organized_V2\General\Documents\main_group_fuel-preparation-system.xlsx
660,main_group_radiator.xlsx,general_document,1.00,,Generic classification,,,C:/Users/kjfle/Documents/Organized_V2\General\Documents\main_group_radiator.xlsx
661,main_group_radiator_2.xlsx,general_document,1.00,,Generic classification,,,C:/Users/kjfle/Documents/Organized_V2\General\Documents\main_group_radiator_2.xlsx
662,main_group_rear-axle.xlsx,form,1.00,,Generic classification,,,C:/Users/kjfle/Documents/Organized_V2\Forms\General\main_group_rear-axle.xlsx
663,main_group_rear-axle_2.xlsx,form,1.00,,Generic classification,,,C:/Users/kjfle/Documents/Organized_V2\Forms\General\main_group_rear-axle_2.xlsx
665,main_group_steering_2.xlsx,general_document,1.00,,Generic classification,,,C:/Users/kjfle/Documents/Organized_V2\General\Documents\main_group_steering_2.xlsx
666,main_group_vehicle-trim.xlsx,general_document,1.00,automotive_technical OR automotive_service,Generic classification,,,C:/Users/kjfle/Documents/Organized_V2\General\Documents\main_group_vehicle-trim.xlsx
683,my-secret-key-2.txt,general_document,1.00,,Generic classification,,,C:/Users/kjfle/Documents/Organized_V2\General\Documents\my-secret-key-2.txt
787,paint-fnishing.xlsx,general_document,1.00,,Generic classification,,,C:/Users/kjfle/Documents/Organized_V2\General\Documents\paint-fnishing.xlsx
795,picker-2 6.pdf,general_document,1.00,,Generic classification,,,C:/Users/kjfle/Documents/Organized_V2\General\Documents\picker-2 6.pdf
796,picker-2.pdf,form,1.00,,Generic classification,,,C:/Users/kjfle/Documents/Organized_V2\Forms\General\picker-2.pdf
801,powershell.config.json,general_document,1.00,,Generic classification,,,C:/Users/kjfle/Documents/Organized_V2\General\Documents\powershell.config.json
802,price-trends (2).csv,general_document,1.00,,Generic classification,,,C:/Users/kjfle/Documents/Organized_V2\General\Documents\price-trends (2).csv
803,price-trends.csv,general_document,1.00,,Generic classification,,,C:/Users/kjfle/Documents/Organized_V2\General\Documents\price-trends.csv
804,price-trends_2.csv,general_document,1.00,,Generic classification,,,C:/Users/kjfle/Documents/Organized_V2\General\Documents\price-trends_2.csv
816,proton_2FA_recovery_codes.txt,general_document,1.00,,Generic classification,,,C:/Users/kjfle/Documents/Organized_V2\General\Documents\proton_2FA_recovery_codes.txt
817,python blog_scraper.txt,general_document,1.00,,Generic classification,,,C:/Users/kjfle/Documents/Organized_V2\General\Documents\python blog_scraper.txt
831,recaro-hotsheet-specialist-s-m.pdf,form,1.00,,Generic classification,,,C:/Users/kjfle/Documents/Organized_V2\Forms\General\recaro-hotsheet-specialist-s-m.pdf
987,retail-value.xlsx,general_document,1.00,,Generic classification,,,C:/Users/kjfle/Documents/Organized_V2\General\Documents\retail-value.xlsx
988,retail-value_2.xlsx,general_document,1.00,,Generic classification,,,C:/Users/kjfle/Documents/Organized_V2\General\Documents\retail-value_2.xlsx
1004,shared_conversations.json,general_document,1.00,,Generic classification,,,C:/Users/kjfle/Documents/Organized_V2\General\Documents\shared_conversations.json
1006,sk-ant-api03-ipjAKmisIO9kDCq-Kzxsv9gyxEJ.txt,general_document,1.00,,Generic classification,,,C:/Users/kjfle/Documents/Organized_V2\General\Documents\sk-ant-api03-ipjAKmisIO9kDCq-Kzxsv9gyxEJ.txt
1060,temporary_pdf_2021-01-17 01-29-06.pdf,form,1.00,,Generic classification,,,C:/Users/kjfle/Documents/Organized_V2\Forms\General\temporary_pdf_2021-01-17 01-29-06.pdf
1061,temporary_pdf_2021-01-17 01-29-44.pdf,form,1.00,,Generic classification,,,C:/Users/kjfle/Documents/Organized_V2\Forms\General\temporary_pdf_2021-01-17 01-29-44.pdf
1062,temporary_pdf_2021-01-17 01-29-54.pdf,form,1.00,,Generic classification,,,C:/Users/kjfle/Documents/Organized_V2\Forms\General\temporary_pdf_2021-01-17 01-29-54.pdf
1063,temporary_pdf_2021-01-17 05-06-31.pdf,form,1.00,,Generic classification,,,C:/Users/kjfle/Documents/Organized_V2\Forms\General\temporary_pdf_2021-01-17 05-06-31.pdf
1064,temporary_pdf_2021-01-17 05-10-50.pdf,form,1.00,,Generic classification,,,C:/Users/kjfle/Documents/Organized_V2\Forms\General\temporary_pdf_2021-01-17 05-10-50.pdf
1065,temporary_pdf_2021-01-17 05-11-20.pdf,form,1.00,,Generic classification,,,C:/Users/kjfle/Documents/Organized_V2\Forms\General\temporary_pdf_2021-01-17 05-11-20.pdf
1066,temporary_pdf_2021-01-22 12-35-36.pdf,form,1.00,,Generic classification,,,C:/Users/kjfle/Documents/Organized_V2\Forms\General\temporary_pdf_2021-01-22 12-35-36.pdf
1067,temporary_pdf_2021-02-10 21-56-31.pdf,form,1.00,,Generic classification,,,C:/Users/kjfle/Documents/Organized_V2\Forms\General\temporary_pdf_2021-02-10 21-56-31.pdf
1068,temporary_pdf_2021-02-10 21-57-38.pdf,form,1.00,,Generic classification,,,C:/Users/kjfle/Documents/Organized_V2\Forms\General\temporary_pdf_2021-02-10 21-57-38.pdf
1069,temporary_pdf_2021-03-12 23-06-51.pdf,form,1.00,,Generic classification,,,C:/Users/kjfle/Documents/Organized_V2\Forms\General\temporary_pdf_2021-03-12 23-06-51.pdf
1078,tooling.xlsx,general_document,1.00,personal_career_tool OR personal_finance_tool,Generic classification,,,C:/Users/kjfle/Documents/Organized_V2\General\Documents\tooling.xlsx
1080,tranmission.txt,general_document,1.00,,Generic classification,,,C:/Users/kjfle/Documents/Organized_V2\General\Documents\tranmission.txt
1086,user.json,general_document,1.00,,Generic classification,,,C:/Users/kjfle/Documents/Organized_V2\General\Documents\user.json
1088,users.json,general_document,1.00,,Generic classification,,,C:/Users/kjfle/Documents/Organized_V2\General\Documents\users.json
1095,vehiclewaiver.pdf,form,1.00,automotive_technical OR automotive_service,Generic classification,,,C:/Users/kjfle/Documents/Organized_V2\Forms\General\vehiclewaiver.pdf
1098,vinyl.docx,form,1.00,automotive_technical OR automotive_service,Generic classification,,,C:/Users/kjfle/Documents/Organized_V2\Forms\General\vinyl.docx
1101,w88 alt370.pdf,form,1.00,,Generic classification,,,C:/Users/kjfle/Documents/Organized_V2\Forms\General\w88 alt370.pdf
1108,yard_dripline_maintenance_reformatted.docx,form,1.00,,Generic classification,,,C:/Users/kjfle/Documents/Organized_V2\Forms\General\yard_dripline_maintenance_reformatted.docx
